{"cameraMode":{"drawMode":0,"name":"Shaded","section":"Shading Mode"},"sceneLighting":true,"audioPlay":false,"sceneViewState":{"showFog":true,"showMaterialUpdate":false,"showSkybox":true,"showFlares":true,"showImageEffects":true,"showParticleSystems":true},"in2DMode":false,"pivot":{"x":-0.1184699535369873,"y":-1.5340919494628907,"z":1.1586880683898926},"rotation":{"x":-0.41712090373039248,"y":-0.19459162652492524,"z":0.09192176163196564,"w":-0.8830179572105408},"size":3.4007813930511476,"orthographic":false}