{"cameraMode":{"drawMode":0,"name":"Shaded","section":"Shading Mode"},"sceneLighting":true,"audioPlay":false,"sceneViewState":{"showFog":true,"showMaterialUpdate":false,"showSkybox":true,"showFlares":true,"showImageEffects":true,"showParticleSystems":true},"in2DMode":false,"pivot":{"x":0.3373467028141022,"y":2.103417158126831,"z":0.2221803069114685},"rotation":{"x":0.3151549696922302,"y":0.061457350850105289,"z":-0.02044050768017769,"w":0.9468525052070618},"size":0.576166033744812,"orthographic":false}