{"cameraMode":{"drawMode":0,"name":"Shaded","section":"Shading Mode"},"sceneLighting":true,"audioPlay":false,"sceneViewState":{"showFog":true,"showMaterialUpdate":false,"showSkybox":false,"showFlares":true,"showImageEffects":true,"showParticleSystems":true},"in2DMode":false,"pivot":{"x":0.563800036907196,"y":1.7044000625610352,"z":-0.2560000419616699},"rotation":{"x":0.07099486142396927,"y":-0.13217337429523469,"z":-0.009521313942968846,"w":-0.9886617064476013},"size":3.2978248596191408,"orthographic":false}