{"cameraMode":{"drawMode":0,"name":"Shaded","section":"Shading Mode"},"sceneLighting":false,"audioPlay":false,"sceneViewState":{"showFog":true,"showMaterialUpdate":false,"showSkybox":false,"showFlares":true,"showImageEffects":true,"showParticleSystems":true},"in2DMode":false,"pivot":{"x":-0.75733482837677,"y":0.759727954864502,"z":-1.6320487260818482},"rotation":{"x":0.07530711591243744,"y":-0.1914253681898117,"z":0.014736158773303032,"w":0.9785206317901611},"size":0.5871523022651672,"orthographic":false}